Vint_Last_runcount;gfxlock.frame.lastCount
Vint_Main_runcount_w;gfxlock.frameDrop.count_w
Vint_Main_runcount;gfxlock.frameDrop.count
glb_screen_border_color;gfxlock.screenBorder.color
CF74021.DATA;map.CF74021.DATA
CF74021.SYS1;map.CF74021.SYS1
CF74021.SYS2;map.CF74021.SYS2
IRQ.ONEFRAME;irq.ONE_FRAME
MC6846.PRC;map.MC6846.PRC
/engine/macros.asm;/engine/6809/macros.asm
/engine/constants.asm;/engine/6809/types.const.asm
/engine/InitGlobals.asm;/engine/global/glb.init.asm
InitGlobals;glb.init
/engine/irq/Irq.asm;/engine/system/to8/irq/irq.asm
Irq_one_line;irq.ONE_LINE
Irq_one_frame;irq.ONE_FRAME
Irq_user_routine;irq.userRoutine
IrqInit;irq.init
IrqSet50Hz;irq.set50Hz
IrqOn;irq.on
IrqOff;irq.off
IrqUnpause;irq.on
IrqPause;irq.off
IrqSync;irq.syncScreenLine
IrqManager;irq.manage
Irq_sys_stack;irq.systemStack
/engine/palette/PalUpdateNow.asm;/engine/system/to8/palette/palette.update.asm
PalUpdateNow;palette.update
PalRefresh;palette.sate
Pal_current;palette.current
Pal_buffer;palette.buffer
YVGM_MusicPage;ymm.data.page
YVGM_MusicData;ymm.data
YVGM_MusicDataPos;ymm.data.pos
YVGM_MusicStatus;ymm.status
YVGM_WaitFrame;ymm.frame.waits
YVGM_loop;ymm.loop
YVGM_callback;ymm.callback
YVGM_PlayMusic;ymm.play
YM2413_buffer_end;ymm.buffer.end
YM2413_buffer;ymm.buffer
ym2413zx0_decompress;ymm.decompress
YVGM_MusicFrame;ymm.frame.play
ym2413zx0_resume;ymm.frame.resume